{
    "alpha_0.005": {
        "0": 1.3490054607391357,
        "1": 1.2872833013534546,
        "2": 1.325129508972168,
        "3": 1.340183138847351,
        "4": 1.3348114490509033,
        "5": 1.7128227949142456,
        "6": 1.3388147354125977,
        "7": 1.3344454765319824,
        "8": 1.2946081161499023,
        "9": 1.400575041770935,
        "10": 1.3055706024169922,
        "11": 1.3171623945236206,
        "12": 1.310605764389038,
        "13": 1.3336637020111084,
        "14": 1.8416255712509155,
        "15": 2.196282148361206,
        "16": 1.3434008359909058,
        "17": 1.3456311225891113,
        "18": 1.3050377368927002,
        "19": 1.304610013961792,
        "20": 1.3008346557617188
    },
    "alpha_0.01": {
        "0": 1.324744701385498,
        "1": 1.3312771320343018,
        "2": 1.8055169582366943,
        "3": 1.3278205394744873,
        "4": 1.3534822463989258,
        "5": 1.294066309928894,
        "6": 1.3171679973602295,
        "7": 1.3687695264816284,
        "8": 1.3127413988113403,
        "9": 1.3317874670028687,
        "10": 1.5263011455535889,
        "11": 1.7754664421081543,
        "12": 1.532151222229004,
        "13": 1.3071545362472534,
        "14": 1.3199090957641602,
        "15": 1.3522086143493652,
        "16": 1.3351482152938843,
        "17": 1.3133044242858887,
        "18": 1.3095518350601196,
        "19": 1.3740687370300293,
        "20": 1.5943355560302734
    },
    "alpha_0.02": {
        "0": 1.3274223804473877,
        "1": 1.3231863975524902,
        "2": 1.3388932943344116,
        "3": 1.36616849899292,
        "4": 1.3641953468322754,
        "5": 1.3280436992645264,
        "6": 1.413933515548706,
        "7": 1.4052393436431885,
        "8": 1.392629623413086,
        "9": 1.3694961071014404,
        "10": 1.4607266187667847,
        "11": 1.6397231817245483,
        "12": 1.3240864276885986,
        "13": 1.3604118824005127,
        "14": 1.5976471900939941,
        "15": 1.3661035299301147,
        "16": 1.9530742168426514,
        "17": 1.3600733280181885,
        "18": 1.3276581764221191,
        "19": 1.3708860874176025,
        "20": 1.8197778463363647
    },
    "alpha_0.03": {
        "0": 1.3235297203063965,
        "1": 1.331156611442566,
        "2": 2.1079025268554688,
        "3": 1.3902080059051514,
        "4": 1.3265161514282227,
        "5": 1.331215500831604,
        "6": 1.3270567655563354,
        "7": 1.9487495422363281,
        "8": 1.4166648387908936,
        "9": 1.344609022140503,
        "10": 1.3162074089050293,
        "11": 1.327109456062317,
        "12": 1.3306735754013062,
        "13": 1.6213477849960327,
        "14": 1.2796876430511475,
        "15": 1.3388723134994507,
        "16": 1.398738145828247,
        "17": 1.3580187559127808,
        "18": 1.3052955865859985,
        "19": 1.3451780080795288,
        "20": 1.7685807943344116
    },
    "alpha_0.06": {
        "0": 1.312814474105835,
        "1": 1.3654979467391968,
        "2": 1.4088901281356812,
        "3": 1.3712918758392334,
        "4": 1.353748083114624,
        "5": 1.424722671508789,
        "6": 1.395085334777832,
        "7": 1.511544942855835,
        "8": 1.4496262073516846,
        "9": 1.3807429075241089,
        "10": 1.3341691493988037,
        "11": 1.4259881973266602,
        "12": 1.303827166557312,
        "13": 1.4118694067001343,
        "14": 1.3501546382904053,
        "15": 2.037899971008301,
        "16": 1.3567869663238525,
        "17": 1.5144855976104736,
        "18": 1.341779112815857,
        "19": 1.391983985900879,
        "20": 1.372562289237976
    },
    "alpha_0.09": {
        "0": 1.2896438837051392,
        "1": 2.2016637325286865,
        "2": 1.3419456481933594,
        "3": 1.3522350788116455,
        "4": 1.4878056049346924,
        "5": 1.4242089986801147,
        "6": 1.4078401327133179,
        "7": 1.595872163772583,
        "8": 1.7304999828338623,
        "9": 1.3522228002548218,
        "10": 1.3490318059921265,
        "11": 1.413802146911621,
        "12": 1.30852472782135,
        "13": 1.3768523931503296,
        "14": 1.7061469554901123,
        "15": 1.353539228439331,
        "16": 1.9800571203231812,
        "17": 1.3671424388885498,
        "18": 1.3570460081100464,
        "19": 1.376744270324707,
        "20": 1.3348729610443115
    },
    "alpha_0.12": {
        "0": 1.3516343832015991,
        "1": 1.3521016836166382,
        "2": 1.3691411018371582,
        "3": 1.5760037899017334,
        "4": 1.3370680809020996,
        "5": 1.4096078872680664,
        "6": 1.4023253917694092,
        "7": 1.5124621391296387,
        "8": 1.446873426437378,
        "9": 1.3747752904891968,
        "10": 1.3363264799118042,
        "11": 1.4229400157928467,
        "12": 1.3021928071975708,
        "13": 1.3745622634887695,
        "14": 1.347472071647644,
        "15": 1.7175830602645874,
        "16": 1.3672282695770264,
        "17": 1.4320628643035889,
        "18": 1.7627172470092773,
        "19": 1.3952691555023193,
        "20": 1.3667887449264526
    },
    "alpha_0.15": {
        "0": 1.3258531093597412,
        "1": 1.4333343505859375,
        "2": 1.377664566040039,
        "3": 1.3670175075531006,
        "4": 1.9333302974700928,
        "5": 1.3730545043945312,
        "6": 1.414638876914978,
        "7": 1.5046510696411133,
        "8": 1.4623792171478271,
        "9": 1.3594454526901245,
        "10": 1.3322808742523193,
        "11": 1.400490164756775,
        "12": 1.3120825290679932,
        "13": 1.3702969551086426,
        "14": 1.811139464378357,
        "15": 1.444518804550171,
        "16": 1.8669908046722412,
        "17": 1.401155710220337,
        "18": 1.3589452505111694,
        "19": 1.5014281272888184,
        "20": 1.3435132503509521
    },
    "alpha_0.18": {
        "0": 1.329322338104248,
        "1": 1.4058945178985596,
        "2": 1.3923697471618652,
        "3": 1.3980072736740112,
        "4": 1.3584914207458496,
        "5": 1.498187780380249,
        "6": 2.193814754486084,
        "7": 1.4714998006820679,
        "8": 1.8789256811141968,
        "9": 1.348248839378357,
        "10": 1.3764526844024658,
        "11": 1.3996727466583252,
        "12": 1.298111081123352,
        "13": 1.4243838787078857,
        "14": 1.3407615423202515,
        "15": 1.4045019149780273,
        "16": 1.4381542205810547,
        "17": 1.4360742568969727,
        "18": 1.4761712551116943,
        "19": 1.3630962371826172,
        "20": 1.3634213209152222
    },
    "alpha_0.21": {
        "0": 1.5131635665893555,
        "1": 1.6097478866577148,
        "2": 1.3727630376815796,
        "3": 1.3811954259872437,
        "4": 1.3916339874267578,
        "5": 1.380307674407959,
        "6": 1.4279063940048218,
        "7": 1.5447442531585693,
        "8": 1.4574899673461914,
        "9": 1.4085216522216797,
        "10": 1.392402172088623,
        "11": 1.413217306137085,
        "12": 1.3087294101715088,
        "13": 1.5590194463729858,
        "14": 1.3245000839233398,
        "15": 1.4207266569137573,
        "16": 1.65324068069458,
        "17": 1.4184167385101318,
        "18": 1.3506014347076416,
        "19": 1.3805851936340332,
        "20": 1.4123433828353882
    }
}